,사고번호,사고일시,요일,시군구,사고내용,사망자수,중상자수,경상자수,부상신고자수,사고유형,법규위반,노면상태,기상상태,도로형태,가해운전자 차종,가해운전자 성별,가해운전자 연령,가해운전자 상해정도,피해운전자 차종,피해운전자 성별,피해운전자 연령,피해운전자 상해정도
421,2021060600100194,2021년 6월 6일 14시,일요일,강원도 양양군 현북면,경상사고,0,0,1,0,차대사람 - 차도통행중,안전운전불이행,포장 - 건조,맑음,단일로 - 기타,승용,남,30세,상해없음,보행자,남,5세,경상
422,2021060700100131,2021년 6월 7일 10시,월요일,강원도 속초시 조양동,중상사고,0,1,0,0,차대사람 - 보도통행중,안전운전불이행,포장 - 건조,맑음,단일로 - 기타,승용,남,78세,상해없음,보행자,남,79세,중상
423,2021060700100132,2021년 6월 7일 10시,월요일,강원도 영월군 주천면,경상사고,0,0,1,0,차대사람 - 기타,기타,포장 - 건조,맑음,단일로 - 기타,승합,남,42세,상해없음,보행자,여,76세,경상
424,2021060700100172,2021년 6월 7일 11시,월요일,강원도 강릉시 옥천동,중상사고,0,1,0,0,차대사람 - 횡단중,신호위반,포장 - 건조,맑음,기타 - 기타,화물,남,68세,상해없음,보행자,남,28세,중상
425,2021060700100360,2021년 6월 7일 16시,월요일,강원도 속초시 교동,경상사고,0,0,1,0,차대사람 - 횡단중,안전운전불이행,포장 - 건조,맑음,교차로 - 교차로횡단보도내,승용,여,38세,상해없음,보행자,남,44세,경상
426,2021060700100409,2021년 6월 7일 17시,월요일,강원도 원주시 원동,경상사고,0,0,1,0,차대사람 - 기타,보행자보호의무위반,포장 - 건조,맑음,단일로 - 기타,승용,여,54세,기타불명,보행자,남,54세,경상
427,2021060800100451,2021년 6월 8일 18시,화요일,강원도 동해시 구미동,중상사고,0,1,0,0,차대사람 - 기타,안전운전불이행,포장 - 건조,맑음,단일로 - 기타,승용,여,50세,상해없음,보행자,남,57세,중상
428,2021060900100049,2021년 6월 9일 07시,수요일,강원도 원주시 단구동,중상사고,0,1,0,0,차대사람 - 횡단중,보행자보호의무위반,포장 - 건조,맑음,교차로 - 교차로횡단보도내,승용,여,47세,상해없음,보행자,남,67세,중상
429,2021060900100408,2021년 6월 9일 17시,수요일,강원도 원주시 행구동,경상사고,0,0,1,0,차대사람 - 기타,안전운전불이행,포장 - 건조,맑음,기타 - 기타,화물,남,36세,상해없음,보행자,남,63세,경상
430,2021060900100477,2021년 6월 9일 18시,수요일,강원도 춘천시 석사동,중상사고,0,1,0,1,차대사람 - 기타,안전운전불이행,포장 - 건조,맑음,기타 - 기타,자전거,남,53세,부상신고,보행자,여,67세,중상
431,2021061000100061,2021년 6월 10일 07시,목요일,강원도 홍천군 홍천읍,경상사고,0,0,1,0,차대사람 - 횡단중,보행자보호의무위반,포장 - 건조,맑음,교차로 - 교차로안,승용,남,31세,상해없음,보행자,남,80세,경상
432,2021061000100167,2021년 6월 10일 10시,목요일,강원도 정선군 정선읍,중상사고,0,1,0,0,차대사람 - 횡단중,보행자보호의무위반,포장 - 건조,맑음,교차로 - 교차로횡단보도내,화물,여,57세,상해없음,보행자,남,79세,중상
433,2021061000100348,2021년 6월 10일 15시,목요일,강원도 원주시 우산동,경상사고,0,0,1,0,차대사람 - 횡단중,보행자보호의무위반,포장 - 건조,맑음,교차로 - 교차로횡단보도내,승용,남,47세,상해없음,보행자,남,50세,경상
434,2021061000100425,2021년 6월 10일 17시,목요일,강원도 횡성군 횡성읍,사망사고,1,0,0,0,차대사람 - 차도통행중,안전운전불이행,포장 - 건조,맑음,교차로 - 교차로안,건설기계,남,69세,상해없음,보행자,여,66세,사망
435,2021061100100338,2021년 6월 11일 15시,금요일,강원도 원주시 무실동,중상사고,0,1,0,0,차대사람 - 횡단중,신호위반,포장 - 건조,흐림,교차로 - 교차로안,승용,여,38세,상해없음,보행자,여,12세,중상
436,2021061100100461,2021년 6월 11일 18시,금요일,강원도 홍천군 홍천읍,경상사고,0,0,1,0,차대사람 - 횡단중,보행자보호의무위반,포장 - 건조,맑음,교차로 - 교차로횡단보도내,승용,남,74세,상해없음,보행자,남,9세,경상
437,2021061200100144,2021년 6월 12일 10시,토요일,강원도 춘천시 퇴계동,경상사고,0,0,1,0,차대사람 - 차도통행중,안전운전불이행,포장 - 건조,맑음,교차로 - 교차로부근,승용,여,72세,상해없음,보행자,남,19세,경상
438,2021061200100482,2021년 6월 12일 18시,토요일,강원도 춘천시 퇴계동,중상사고,0,1,0,0,차대사람 - 횡단중,보행자보호의무위반,포장 - 건조,맑음,교차로 - 교차로횡단보도내,이륜,남,36세,상해없음,보행자,여,53세,중상
439,2021061200100516,2021년 6월 12일 19시,토요일,강원도 태백시 황지동,경상사고,0,0,1,0,차대사람 - 횡단중,보행자보호의무위반,포장 - 건조,맑음,교차로 - 교차로부근,승용,여,66세,상해없음,보행자,남,66세,경상
440,2021061200100540,2021년 6월 12일 20시,토요일,강원도 삼척시 교동,사망사고,1,0,0,0,차대사람 - 횡단중,과속,포장 - 건조,맑음,단일로 - 기타,승용,남,32세,상해없음,보행자,남,68세,사망
441,2021061300100294,2021년 6월 13일 16시,일요일,강원도 춘천시 요선동,중상사고,0,1,0,0,차대사람 - 횡단중,보행자보호의무위반,포장 - 건조,맑음,교차로 - 교차로횡단보도내,승용,여,74세,상해없음,보행자,남,72세,중상
442,2021061400100088,2021년 6월 14일 08시,월요일,강원도 강릉시 옥천동,경상사고,0,0,1,0,차대사람 - 횡단중,안전운전불이행,포장 - 건조,맑음,단일로 - 기타,승용,남,54세,상해없음,보행자,여,7세,경상
443,2021061400100237,2021년 6월 14일 12시,월요일,강원도 원주시 중앙동,경상사고,0,0,1,0,차대사람 - 길가장자리구역통행중,안전운전불이행,포장 - 건조,맑음,단일로 - 기타,이륜,남,84세,상해없음,보행자,여,78세,경상
444,2021061400100383,2021년 6월 14일 16시,월요일,강원도 삼척시 남양동,중상사고,0,1,0,0,차대사람 - 횡단중,보행자보호의무위반,포장 - 건조,맑음,교차로 - 교차로횡단보도내,승용,남,67세,상해없음,보행자,여,85세,중상
445,2021061400100421,2021년 6월 14일 17시,월요일,강원도 강릉시 성남동,경상사고,0,0,2,0,차대사람 - 기타,안전운전불이행,포장 - 건조,맑음,주차장 - 주차장,화물,여,61세,상해없음,보행자,여,45세,경상
446,2021061600100411,2021년 6월 16일 17시,수요일,강원도 춘천시 온의동,경상사고,0,0,1,0,차대사람 - 횡단중,보행자보호의무위반,포장 - 건조,맑음,교차로 - 교차로횡단보도내,승용,남,59세,상해없음,보행자,남,52세,경상
447,2021061600100470,2021년 6월 16일 18시,수요일,강원도 원주시 단계동,경상사고,0,0,1,0,차대사람 - 차도통행중,안전운전불이행,포장 - 건조,맑음,교차로 - 교차로부근,승합,남,51세,상해없음,보행자,여,14세,경상
448,2021061600100574,2021년 6월 16일 21시,수요일,강원도 동해시 천곡동,경상사고,0,0,1,0,차대사람 - 차도통행중,중앙선침범,포장 - 건조,맑음,단일로 - 기타,승용,남,36세,상해없음,보행자,남,72세,경상
449,2021061700100515,2021년 6월 17일 21시,목요일,강원도 춘천시 우두동,중상사고,0,1,0,0,차대사람 - 횡단중,안전운전불이행,포장 - 건조,맑음,교차로 - 교차로안,승용,남,65세,상해없음,보행자,남,58세,중상
450,2021061800100102,2021년 6월 18일 09시,금요일,강원도 춘천시 옥천동,중상사고,0,1,0,0,차대사람 - 횡단중,보행자보호의무위반,포장 - 건조,맑음,교차로 - 교차로부근,승용,여,45세,상해없음,보행자,남,78세,중상
451,2021061800100199,2021년 6월 18일 12시,금요일,강원도 동해시 이로동,경상사고,0,0,1,0,차대사람 - 기타,안전운전불이행,포장 - 건조,맑음,교차로 - 교차로안,화물,남,46세,상해없음,보행자,여,69세,경상
452,2021061800100367,2021년 6월 18일 17시,금요일,강원도 원주시 단구동,경상사고,0,0,1,0,차대사람 - 차도통행중,안전운전불이행,포장 - 건조,맑음,단일로 - 기타,승용,남,52세,상해없음,보행자,여,66세,경상
453,2021061800100462,2021년 6월 18일 19시,금요일,강원도 동해시 천곡동,경상사고,0,0,1,0,차대사람 - 횡단중,보행자보호의무위반,포장 - 건조,맑음,교차로 - 교차로횡단보도내,승용,여,51세,상해없음,보행자,남,45세,경상
454,2021061800100555,2021년 6월 18일 22시,금요일,강원도 원주시 행구동,경상사고,0,0,1,0,차대사람 - 기타,안전운전불이행,포장 - 건조,맑음,단일로 - 기타,승용,남,40세,상해없음,보행자,남,48세,경상
455,2021061900100094,2021년 6월 19일 08시,토요일,강원도 원주시 학성동,경상사고,0,0,1,0,차대사람 - 횡단중,안전운전불이행,포장 - 건조,맑음,교차로 - 교차로부근,승합,여,50세,상해없음,보행자,남,52세,경상
456,2021061900100149,2021년 6월 19일 10시,토요일,강원도 춘천시 운교동,경상사고,0,0,1,0,차대사람 - 기타,보행자보호의무위반,포장 - 건조,맑음,단일로 - 기타,승용,여,70세,상해없음,보행자,남,36세,경상
457,2021061900100395,2021년 6월 19일 16시,토요일,강원도 강릉시 교동,중상사고,0,1,0,0,차대사람 - 횡단중,보행자보호의무위반,포장 - 건조,맑음,단일로 - 기타,원동기,남,25세,상해없음,보행자,여,5세,중상
458,2021062000100082,2021년 6월 20일 09시,일요일,강원도 원주시 호저면,경상사고,0,0,1,0,차대사람 - 기타,안전운전불이행,포장 - 건조,맑음,주차장 - 주차장,승용,남,48세,상해없음,보행자,남,42세,경상
459,2021062000100083,2021년 6월 20일 09시,일요일,강원도 속초시 교동,중상사고,0,1,0,0,차대사람 - 횡단중,신호위반,포장 - 건조,맑음,교차로 - 교차로횡단보도내,승용,여,55세,상해없음,보행자,여,61세,중상
460,2021062000100309,2021년 6월 20일 16시,일요일,강원도 고성군 죽왕면,경상사고,0,0,1,0,차대사람 - 기타,안전운전불이행,포장 - 건조,맑음,단일로 - 기타,승용,여,30세,상해없음,보행자,여,47세,경상
461,2021062000100456,2021년 6월 20일 21시,일요일,강원도 양양군 손양면,중상사고,0,1,0,0,차대사람 - 길가장자리구역통행중,안전운전불이행,포장 - 건조,맑음,교차로 - 교차로부근,승용,남,67세,상해없음,보행자,남,46세,중상
462,2021062100100214,2021년 6월 21일 11시,월요일,강원도 속초시 교동,경상사고,0,0,1,0,차대사람 - 횡단중,보행자보호의무위반,포장 - 건조,흐림,교차로 - 교차로안,이륜,남,69세,상해없음,보행자,여,70세,경상
463,2021062100100304,2021년 6월 21일 14시,월요일,강원도 홍천군 홍천읍,중상사고,0,1,0,0,차대사람 - 횡단중,보행자보호의무위반,포장 - 건조,맑음,단일로 - 기타,승용,여,78세,상해없음,보행자,여,79세,중상
464,2021062100100453,2021년 6월 21일 17시,월요일,강원도 춘천시 석사동,경상사고,0,0,1,0,차대사람 - 기타,안전운전불이행,포장 - 건조,맑음,단일로 - 기타,승용,남,63세,상해없음,보행자,여,9세,경상
465,2021062100100506,2021년 6월 21일 18시,월요일,강원도 원주시 중앙동,중상사고,0,1,0,0,차대사람 - 횡단중,안전운전불이행,포장 - 건조,맑음,단일로 - 기타,승용,남,69세,상해없음,보행자,남,29세,중상
466,2021062200100052,2021년 6월 22일 07시,화요일,강원도 영월군 남면,중상사고,0,1,0,0,차대사람 - 기타,안전운전불이행,비포장 - 젖음/습기,맑음,기타 - 기타,건설기계,남,58세,상해없음,보행자,남,59세,중상
467,2021062200100194,2021년 6월 22일 11시,화요일,강원도 동해시 천곡동,경상사고,0,0,1,0,차대사람 - 기타,안전운전불이행,포장 - 건조,맑음,단일로 - 기타,승합,남,51세,상해없음,보행자,여,40세,경상
468,2021062200100448,2021년 6월 22일 18시,화요일,강원도 원주시 무실동,경상사고,0,0,1,0,차대사람 - 기타,안전운전불이행,포장 - 건조,맑음,교차로 - 교차로부근,자전거,여,57세,상해없음,보행자,여,24세,경상
469,2021062200100511,2021년 6월 22일 20시,화요일,강원도 원주시 일산동,중상사고,0,1,0,0,차대사람 - 횡단중,보행자보호의무위반,포장 - 젖음/습기,비,교차로 - 교차로횡단보도내,승용,남,22세,상해없음,보행자,여,35세,중상
470,2021062300100029,2021년 6월 23일 04시,수요일,강원도 원주시 단계동,경상사고,0,0,1,0,차대사람 - 횡단중,안전운전불이행,포장 - 건조,맑음,단일로 - 기타,승합,남,69세,상해없음,보행자,여,59세,경상
471,2021062300100192,2021년 6월 23일 12시,수요일,강원도 원주시 명륜동,경상사고,0,0,1,0,차대사람 - 횡단중,보행자보호의무위반,포장 - 건조,맑음,교차로 - 교차로횡단보도내,승용,남,45세,상해없음,보행자,남,74세,경상
472,2021062400100181,2021년 6월 24일 10시,목요일,강원도 원주시 우산동,경상사고,0,0,1,0,차대사람 - 기타,안전운전불이행,포장 - 건조,맑음,주차장 - 주차장,승용,남,29세,상해없음,보행자,남,35세,경상
473,2021062400100317,2021년 6월 24일 14시,목요일,강원도 강릉시 금학동,경상사고,0,0,1,0,차대사람 - 기타,안전운전불이행,포장 - 건조,맑음,단일로 - 기타,승용,여,63세,기타불명,보행자,여,32세,경상
474,2021062400100397,2021년 6월 24일 16시,목요일,강원도 원주시 명륜동,경상사고,0,0,1,0,차대사람 - 횡단중,신호위반,포장 - 건조,맑음,교차로 - 교차로안,이륜,남,14세,상해없음,보행자,여,20세,경상
475,2021062400100632,2021년 6월 24일 22시,목요일,강원도 동해시 천곡동,중상사고,0,1,0,0,차대사람 - 횡단중,안전운전불이행,포장 - 건조,맑음,기타 - 기타,승용,남,47세,상해없음,보행자,남,50세,중상
476,2021062500100060,2021년 6월 25일 07시,금요일,강원도 원주시 단계동,중상사고,0,1,0,0,차대사람 - 횡단중,보행자보호의무위반,포장 - 건조,맑음,교차로 - 교차로안,화물,남,48세,상해없음,보행자,남,67세,중상
477,2021062500100138,2021년 6월 25일 09시,금요일,강원도 춘천시 온의동,중상사고,0,1,0,0,차대사람 - 기타,보행자보호의무위반,포장 - 건조,맑음,교차로 - 교차로횡단보도내,승용,남,62세,상해없음,보행자,여,66세,중상
478,2021062500100406,2021년 6월 25일 16시,금요일,강원도 원주시 단계동,경상사고,0,0,1,0,차대사람 - 횡단중,안전운전불이행,포장 - 건조,맑음,교차로 - 교차로안,승용,여,54세,상해없음,보행자,남,6세,경상
479,2021062500100563,2021년 6월 25일 19시,금요일,강원도 원주시 지정면,경상사고,0,0,1,0,차대사람 - 횡단중,보행자보호의무위반,포장 - 건조,맑음,교차로 - 교차로횡단보도내,승용,여,26세,상해없음,보행자,여,32세,경상
480,2021062700100010,2021년 6월 27일 00시,일요일,강원도 원주시 단계동,경상사고,0,0,1,0,차대사람 - 길가장자리구역통행중,안전운전불이행,포장 - 건조,맑음,단일로 - 기타,승용,남,64세,상해없음,보행자,여,42세,경상
481,2021062700100030,2021년 6월 27일 01시,일요일,강원도 속초시 교동,중상사고,0,1,0,0,차대사람 - 차도통행중,안전운전불이행,포장 - 젖음/습기,비,교차로 - 교차로안,승용,남,41세,상해없음,보행자,남,46세,중상
482,2021062700100096,2021년 6월 27일 09시,일요일,강원도 강릉시 교동,경상사고,0,0,1,0,차대사람 - 기타,안전운전불이행,포장 - 건조,맑음,기타 - 기타,승용,남,65세,상해없음,보행자,남,59세,경상
483,2021062700100330,2021년 6월 27일 17시,일요일,강원도 강릉시 교동,경상사고,0,0,1,0,차대사람 - 차도통행중,안전운전불이행,포장 - 건조,맑음,단일로 - 기타,승용,여,47세,상해없음,보행자,여,16세,경상
484,2021062700100374,2021년 6월 27일 18시,일요일,강원도 양구군 양구읍,경상사고,0,0,1,0,차대사람 - 기타,안전운전불이행,포장 - 건조,맑음,교차로 - 교차로안,승용,여,55세,상해없음,보행자,여,7세,경상
485,2021062800100098,2021년 6월 28일 08시,월요일,강원도 춘천시 근화동,경상사고,0,0,1,0,차대사람 - 기타,기타,포장 - 건조,맑음,단일로 - 기타,승합,남,49세,상해없음,보행자,여,17세,경상
486,2021062800100280,2021년 6월 28일 13시,월요일,강원도 속초시 조양동,중상사고,0,1,0,0,차대사람 - 보도통행중,기타,포장 - 건조,맑음,단일로 - 기타,승용,남,67세,상해없음,보행자,남,89세,중상
487,2021062900100158,2021년 6월 29일 10시,화요일,강원도 춘천시 효자동,중상사고,0,1,0,0,차대사람 - 횡단중,보행자보호의무위반,포장 - 건조,맑음,교차로 - 교차로횡단보도내,승용,여,55세,상해없음,보행자,여,62세,중상
488,2021062900100382,2021년 6월 29일 16시,화요일,강원도 강릉시 포남동,경상사고,0,0,1,0,차대사람 - 횡단중,보행자보호의무위반,포장 - 건조,맑음,교차로 - 교차로횡단보도내,승용,남,33세,상해없음,보행자,여,25세,경상
489,2021062900100385,2021년 6월 29일 16시,화요일,강원도 동해시 천곡동,경상사고,0,0,1,0,차대사람 - 횡단중,보행자보호의무위반,포장 - 건조,맑음,단일로 - 기타,승용,남,84세,상해없음,보행자,여,84세,경상
490,2021062900100570,2021년 6월 29일 20시,화요일,강원도 원주시 문막읍,경상사고,0,0,1,0,차대사람 - 길가장자리구역통행중,안전운전불이행,포장 - 건조,맑음,단일로 - 기타,승용,남,23세,상해없음,보행자,남,69세,경상
491,2021063000100191,2021년 6월 30일 11시,수요일,강원도 삼척시 원덕읍,경상사고,0,0,1,0,차대사람 - 기타,안전운전불이행,포장 - 건조,맑음,단일로 - 기타,승용,남,79세,상해없음,보행자,남,81세,경상
492,2021063000100228,2021년 6월 30일 12시,수요일,강원도 동해시 발한동,중상사고,0,1,0,0,차대사람 - 횡단중,보행자보호의무위반,포장 - 젖음/습기,비,단일로 - 기타,화물,남,58세,상해없음,보행자,여,65세,중상
493,2021063000100347,2021년 6월 30일 15시,수요일,강원도 원주시 명륜동,경상사고,0,0,1,0,차대사람 - 횡단중,안전운전불이행,포장 - 건조,맑음,교차로 - 교차로부근,승용,남,51세,기타불명,보행자,여,58세,경상
494,2021063000100609,2021년 6월 30일 22시,수요일,강원도 춘천시 동내면,중상사고,0,1,0,0,차대사람 - 횡단중,보행자보호의무위반,포장 - 건조,맑음,단일로 - 기타,승용,남,63세,상해없음,보행자,여,18세,중상
495,2021070100100021,2021년 7월 1일 04시,목요일,강원도 양양군 현남면,경상사고,0,0,1,0,차대사람 - 길가장자리구역통행중,안전운전불이행,포장 - 건조,맑음,교차로 - 교차로안,승용,남,33세,상해없음,보행자,남,29세,경상
496,2021070100100061,2021년 7월 1일 07시,목요일,강원도 원주시 명륜동,중상사고,0,1,0,0,차대사람 - 차도통행중,안전운전불이행,포장 - 건조,맑음,단일로 - 기타,화물,남,45세,상해없음,보행자,여,47세,중상
497,2021070100100553,2021년 7월 1일 20시,목요일,강원도 원주시 단계동,경상사고,0,0,1,0,차대사람 - 횡단중,보행자보호의무위반,포장 - 건조,맑음,교차로 - 교차로부근,승용,남,27세,상해없음,보행자,남,55세,경상
498,2021070200100045,2021년 7월 2일 06시,금요일,강원도 원주시 중앙동,경상사고,0,0,1,0,차대사람 - 횡단중,안전운전불이행,포장 - 건조,맑음,교차로 - 교차로안,승용,여,64세,상해없음,보행자,남,82세,경상
499,2021070200100182,2021년 7월 2일 11시,금요일,강원도 춘천시 퇴계동,경상사고,0,0,1,0,차대사람 - 횡단중,보행자보호의무위반,포장 - 건조,맑음,교차로 - 교차로횡단보도내,승용,남,55세,상해없음,보행자,여,75세,경상
500,2021070200100299,2021년 7월 2일 14시,금요일,강원도 원주시 단구동,중상사고,0,1,0,0,차대사람 - 횡단중,안전운전불이행,포장 - 건조,맑음,교차로 - 교차로횡단보도내,승용,남,52세,상해없음,보행자,여,68세,중상
501,2021070300100105,2021년 7월 3일 09시,토요일,강원도 속초시 영랑동,중상사고,0,1,0,0,차대사람 - 길가장자리구역통행중,안전운전불이행,포장 - 건조,맑음,단일로 - 기타,특수,남,32세,상해없음,보행자,여,64세,중상
502,2021070300100487,2021년 7월 3일 19시,토요일,강원도 춘천시 우두동,경상사고,0,0,2,0,차대사람 - 길가장자리구역통행중,보행자보호의무위반,포장 - 젖음/습기,비,교차로 - 교차로안,승용,남,57세,상해없음,보행자,여,44세,경상
503,2021070300100531,2021년 7월 3일 20시,토요일,강원도 강릉시 옥천동,사망사고,1,0,0,0,차대사람 - 횡단중,안전운전불이행,포장 - 젖음/습기,비,단일로 - 기타,승용,남,71세,상해없음,보행자,여,82세,사망
504,2021070500100192,2021년 7월 5일 11시,월요일,강원도 평창군 진부면,중상사고,0,1,0,0,차대사람 - 기타,안전운전불이행,포장 - 건조,맑음,단일로 - 기타,화물,남,56세,상해없음,보행자,남,84세,중상
505,2021070500100231,2021년 7월 5일 12시,월요일,강원도 원주시 태장동,중상사고,0,1,0,0,차대사람 - 횡단중,안전운전불이행,포장 - 건조,맑음,단일로 - 기타,승용,남,63세,상해없음,보행자,여,94세,중상
506,2021070500100373,2021년 7월 5일 16시,월요일,강원도 춘천시 근화동,경상사고,0,0,1,0,차대사람 - 기타,기타,포장 - 건조,맑음,단일로 - 기타,승합,남,51세,상해없음,보행자,여,64세,경상
507,2021070500100408,2021년 7월 5일 17시,월요일,강원도 원주시 행구동,경상사고,0,0,1,0,차대사람 - 기타,안전운전불이행,포장 - 건조,맑음,단일로 - 기타,승용,여,40세,상해없음,보행자,남,69세,경상
508,2021070500100411,2021년 7월 5일 17시,월요일,강원도 동해시 발한동,경상사고,0,0,1,0,차대사람 - 기타,안전운전불이행,포장 - 건조,맑음,기타 - 기타,승합,남,76세,상해없음,보행자,여,84세,경상
509,2021070600100339,2021년 7월 6일 16시,화요일,강원도 삼척시 적노동,경상사고,0,0,1,0,차대사람 - 기타,안전운전불이행,포장 - 기타,맑음,기타 - 기타,승합,남,62세,상해없음,보행자,남,19세,경상
510,2021070600100389,2021년 7월 6일 17시,화요일,강원도 원주시 단구동,경상사고,0,0,1,0,차대사람 - 보도통행중,기타,포장 - 건조,맑음,기타 - 기타,자전거,여,50세,상해없음,보행자,남,5세,경상
511,2021070600100504,2021년 7월 6일 20시,화요일,강원도 춘천시 사북면,사망사고,1,0,0,0,차대사람 - 횡단중,안전운전불이행,포장 - 건조,맑음,교차로 - 교차로안,승용,여,41세,상해없음,보행자,남,84세,사망
512,2021070700100299,2021년 7월 7일 14시,수요일,강원도 홍천군 홍천읍,중상사고,0,1,0,0,차대사람 - 횡단중,안전운전불이행,포장 - 건조,맑음,단일로 - 기타,승용,남,64세,상해없음,보행자,여,75세,중상
513,2021070700100412,2021년 7월 7일 17시,수요일,강원도 춘천시 중앙로2가,경상사고,0,0,1,0,차대사람 - 기타,안전운전불이행,포장 - 건조,맑음,단일로 - 기타,승합,남,64세,상해없음,보행자,여,14세,경상
514,2021070700100413,2021년 7월 7일 17시,수요일,강원도 강릉시 초당동,중상사고,0,1,0,0,차대사람 - 기타,안전운전불이행,포장 - 건조,맑음,단일로 - 기타,화물,남,54세,상해없음,보행자,여,49세,중상
515,2021070700100502,2021년 7월 7일 19시,수요일,강원도 강릉시 송정동,경상사고,0,0,1,0,차대사람 - 횡단중,안전운전불이행,비포장 - 건조,맑음,단일로 - 기타,화물,남,50세,상해없음,보행자,남,31세,경상
516,2021070700100616,2021년 7월 7일 22시,수요일,강원도 춘천시 효자동,부상신고사고,0,0,0,1,차대사람 - 기타,안전운전불이행,포장 - 건조,맑음,단일로 - 기타,승용,남,44세,상해없음,보행자,남,20세,부상신고
517,2021070800100334,2021년 7월 8일 15시,목요일,강원도 속초시 청호동,경상사고,0,0,1,0,차대사람 - 횡단중,보행자보호의무위반,포장 - 건조,맑음,교차로 - 교차로횡단보도내,승용,여,51세,상해없음,보행자,여,23세,경상
518,2021070800100513,2021년 7월 8일 20시,목요일,강원도 춘천시 소양로2가,중상사고,0,1,0,0,차대사람 - 횡단중,안전운전불이행,포장 - 젖음/습기,비,단일로 - 기타,이륜,남,58세,상해없음,보행자,남,54세,중상
519,2021071000100406,2021년 7월 10일 16시,토요일,강원도 속초시 청학동,경상사고,0,0,1,0,차대사람 - 차도통행중,안전운전불이행,포장 - 건조,맑음,교차로 - 교차로부근,건설기계,남,57세,상해없음,보행자,남,81세,경상
520,2021071100100201,2021년 7월 11일 15시,일요일,강원도 강릉시 교동,중상사고,0,1,0,0,차대사람 - 차도통행중,안전운전불이행,포장 - 건조,맑음,단일로 - 기타,승용,여,66세,상해없음,보행자,남,77세,중상
521,2021071100100377,2021년 7월 11일 21시,일요일,강원도 횡성군 횡성읍,경상사고,0,0,1,0,차대사람 - 차도통행중,안전운전불이행,포장 - 젖음/습기,흐림,단일로 - 기타,화물,남,66세,상해없음,보행자,여,59세,경상
522,2021071100100409,2021년 7월 11일 23시,일요일,강원도 원주시 인동,경상사고,0,0,1,0,차대사람 - 보도통행중,보행자보호의무위반,포장 - 건조,맑음,단일로 - 기타,승용,여,55세,상해없음,보행자,남,56세,경상
523,2021071200100020,2021년 7월 12일 05시,월요일,강원도 원주시 소초면,중상사고,0,1,0,0,차대사람 - 기타,안전운전불이행,포장 - 건조,맑음,단일로 - 기타,화물,남,64세,상해없음,보행자,여,78세,중상
524,2021071200100096,2021년 7월 12일 09시,월요일,강원도 원주시 중앙동,중상사고,0,1,0,0,차대사람 - 횡단중,보행자보호의무위반,포장 - 건조,맑음,교차로 - 교차로횡단보도내,승용,남,55세,상해없음,보행자,남,82세,중상
525,2021071200100228,2021년 7월 12일 13시,월요일,강원도 영월군 영월읍,부상신고사고,0,0,0,1,차대사람 - 보도통행중,기타,포장 - 건조,맑음,단일로 - 기타,승용,남,30세,상해없음,보행자,남,7세,부상신고