,사고번호,사고일시,요일,시군구,사고내용,사망자수,중상자수,경상자수,부상신고자수,사고유형,법규위반,노면상태,기상상태,도로형태,가해운전자 차종,가해운전자 성별,가해운전자 연령,가해운전자 상해정도,피해운전자 차종,피해운전자 성별,피해운전자 연령,피해운전자 상해정도
631,2021082100100074,2021년 8월 21일 09시,토요일,강원도 강릉시 포남동,사망사고,1,0,0,0,차대사람 - 횡단중,보행자보호의무위반,포장 - 젖음/습기,비,기타 - 기타,화물,남,55세,상해없음,보행자,여,77세,사망
632,2021082100100126,2021년 8월 21일 11시,토요일,강원도 화천군 화천읍,경상사고,0,0,1,0,차대사람 - 기타,안전운전불이행,포장 - 젖음/습기,비,교차로 - 교차로안,승용,남,43세,상해없음,보행자,남,34세,경상
633,2021082100100400,2021년 8월 21일 19시,토요일,강원도 영월군 영월읍,중상사고,0,1,0,0,차대사람 - 횡단중,보행자보호의무위반,포장 - 젖음/습기,비,교차로 - 교차로부근,승용,남,50세,상해없음,보행자,여,54세,중상
634,2021082200100004,2021년 8월 22일 00시,일요일,강원도 양양군 현남면,경상사고,0,0,1,0,차대사람 - 길가장자리구역통행중,안전운전불이행,포장 - 건조,맑음,단일로 - 지하차도(도로)내,승용,남,27세,기타불명,보행자,남,23세,경상
635,2021082200100142,2021년 8월 22일 13시,일요일,강원도 춘천시 석사동,중상사고,0,1,0,0,차대사람 - 기타,안전운전불이행,포장 - 건조,맑음,단일로 - 기타,화물,여,56세,상해없음,보행자,남,60세,중상
636,2021082200100313,2021년 8월 22일 19시,일요일,강원도 동해시 천곡동,경상사고,0,0,1,0,차대사람 - 횡단중,보행자보호의무위반,포장 - 건조,흐림,단일로 - 기타,승용,남,64세,상해없음,보행자,여,17세,경상
637,2021082300100271,2021년 8월 23일 14시,월요일,강원도 춘천시 퇴계동,부상신고사고,0,0,0,1,차대사람 - 기타,안전운전불이행,포장 - 건조,맑음,단일로 - 기타,승용,남,29세,상해없음,보행자,남,67세,부상신고
638,2021082300100372,2021년 8월 23일 17시,월요일,강원도 삼척시 당저동,경상사고,0,0,1,0,차대사람 - 보도통행중,보행자보호의무위반,포장 - 건조,맑음,교차로 - 교차로횡단보도내,화물,남,58세,상해없음,보행자,여,39세,경상
639,2021082400100241,2021년 8월 24일 14시,화요일,강원도 횡성군 둔내면,중상사고,0,1,0,0,차대사람 - 차도통행중,안전운전불이행,포장 - 젖음/습기,비,교차로 - 교차로안,특수,여,62세,상해없음,보행자,여,87세,중상
640,2021082400100275,2021년 8월 24일 15시,화요일,강원도 동해시 쇄운동,중상사고,0,1,0,0,차대사람 - 횡단중,보행자보호의무위반,포장 - 건조,맑음,교차로 - 교차로안,승용,여,45세,상해없음,보행자,여,26세,중상
641,2021082400100311,2021년 8월 24일 16시,화요일,강원도 춘천시 조양동,경상사고,0,0,1,0,차대사람 - 보도통행중,보행자보호의무위반,포장 - 젖음/습기,비,단일로 - 기타,승용,여,55세,상해없음,보행자,여,66세,경상
642,2021082500100032,2021년 8월 25일 05시,수요일,강원도 강릉시 포남동,사망사고,1,0,0,0,차대사람 - 횡단중,안전운전불이행,포장 - 젖음/습기,흐림,단일로 - 기타,승용,남,78세,상해없음,보행자,여,85세,사망
643,2021082500100138,2021년 8월 25일 10시,수요일,강원도 춘천시 후평동,경상사고,0,0,1,0,차대사람 - 기타,안전운전불이행,포장 - 건조,맑음,단일로 - 기타,승용,여,48세,기타불명,보행자,남,29세,경상
644,2021082500100337,2021년 8월 25일 16시,수요일,강원도 원주시 단구동,중상사고,0,1,0,0,차대사람 - 횡단중,보행자보호의무위반,포장 - 젖음/습기,비,단일로 - 기타,승용,남,21세,상해없음,보행자,여,72세,중상
645,2021082600100151,2021년 8월 26일 10시,목요일,강원도 원주시 단계동,경상사고,0,0,1,0,차대사람 - 횡단중,안전운전불이행,포장 - 건조,맑음,단일로 - 기타,승용,남,28세,상해없음,보행자,여,21세,경상
646,2021082600100152,2021년 8월 26일 10시,목요일,강원도 속초시 중앙동,중상사고,0,1,0,0,차대사람 - 길가장자리구역통행중,안전운전불이행,포장 - 건조,맑음,단일로 - 기타,승용,여,66세,상해없음,보행자,남,65세,중상
647,2021082800100140,2021년 8월 28일 11시,토요일,강원도 춘천시 후평동,부상신고사고,0,0,0,1,차대사람 - 길가장자리구역통행중,안전운전불이행,포장 - 건조,맑음,교차로 - 교차로안,승용,여,42세,상해없음,보행자,남,81세,부상신고
648,2021082800100178,2021년 8월 28일 12시,토요일,강원도 삼척시 정하동,경상사고,0,0,1,0,차대사람 - 기타,안전운전불이행,포장 - 건조,맑음,단일로 - 기타,화물,남,65세,상해없음,보행자,남,47세,경상
649,2021082800100430,2021년 8월 28일 19시,토요일,강원도 홍천군 홍천읍,경상사고,0,0,1,0,차대사람 - 차도통행중,신호위반,포장 - 건조,맑음,단일로 - 기타,이륜,남,20세,상해없음,보행자,남,25세,경상
650,2021082900100040,2021년 8월 29일 09시,일요일,강원도 원주시 문막읍,경상사고,0,0,1,0,차대사람 - 기타,안전운전불이행,포장 - 젖음/습기,비,단일로 - 기타,승용,남,73세,상해없음,보행자,여,88세,경상
651,2021083000100487,2021년 8월 30일 20시,월요일,강원도 횡성군 공근면,중상사고,0,1,0,0,차대사람 - 차도통행중,안전운전불이행,포장 - 건조,맑음,단일로 - 기타,승용,남,54세,상해없음,보행자,남,54세,중상
652,2021083000100488,2021년 8월 30일 20시,월요일,강원도 동해시 발한동,중상사고,0,1,0,0,차대사람 - 횡단중,안전운전불이행,포장 - 건조,맑음,교차로 - 교차로부근,승용,남,64세,상해없음,보행자,남,64세,중상
653,2021083000100519,2021년 8월 30일 21시,월요일,강원도 동해시 천곡동,중상사고,0,1,0,0,차대사람 - 횡단중,안전운전불이행,포장 - 건조,맑음,단일로 - 기타,승용,여,53세,상해없음,보행자,남,19세,중상
654,2021083100100070,2021년 8월 31일 08시,화요일,강원도 강릉시 구정면,경상사고,0,0,1,0,차대사람 - 기타,안전운전불이행,포장 - 건조,흐림,단일로 - 기타,승용,남,64세,상해없음,보행자,여,61세,경상
655,2021083100100178,2021년 8월 31일 11시,화요일,강원도 홍천군 서면,경상사고,0,0,1,0,차대사람 - 기타,안전운전불이행,포장 - 건조,맑음,단일로 - 기타,승용,남,19세,상해없음,보행자,남,20세,경상
656,2021083100100245,2021년 8월 31일 13시,화요일,강원도 원주시 학성동,중상사고,0,1,0,0,차대사람 - 횡단중,안전운전불이행,포장 - 젖음/습기,비,단일로 - 기타,승용,남,26세,상해없음,보행자,여,76세,중상
657,2021083100100284,2021년 8월 31일 14시,화요일,강원도 춘천시 옥천동,중상사고,0,1,0,0,차대사람 - 횡단중,보행자보호의무위반,포장 - 건조,맑음,교차로 - 교차로횡단보도내,승용,여,64세,상해없음,보행자,여,79세,중상
658,2021083100100285,2021년 8월 31일 14시,화요일,강원도 원주시 단계동,사망사고,1,0,0,0,차대사람 - 횡단중,안전운전불이행,포장 - 건조,흐림,단일로 - 기타,승용,남,34세,상해없음,보행자,여,68세,사망
659,2021083100100466,2021년 8월 31일 18시,화요일,강원도 춘천시 후평동,중상사고,0,1,0,0,차대사람 - 차도통행중,안전운전불이행,포장 - 젖음/습기,비,교차로 - 교차로안,승용,남,69세,상해없음,보행자,남,73세,중상
660,2021083100100507,2021년 8월 31일 19시,화요일,강원도 춘천시 석사동,경상사고,0,0,1,0,차대사람 - 기타,기타,포장 - 젖음/습기,비,기타 - 기타,승합,남,56세,상해없음,보행자,여,14세,경상
661,2021083100100508,2021년 8월 31일 19시,화요일,강원도 원주시 중앙동,경상사고,0,0,1,0,차대사람 - 길가장자리구역통행중,안전운전불이행,포장 - 젖음/습기,비,기타 - 기타,승용,여,43세,상해없음,보행자,남,65세,경상
662,2021083100100565,2021년 8월 31일 20시,화요일,강원도 원주시 일산동,중상사고,0,1,0,0,차대사람 - 기타,안전운전불이행,포장 - 젖음/습기,비,교차로 - 교차로부근,승용,남,65세,상해없음,보행자,남,56세,중상
663,2021083100100566,2021년 8월 31일 20시,화요일,강원도 태백시 황지동,중상사고,0,1,0,0,차대사람 - 횡단중,안전운전불이행,포장 - 젖음/습기,비,교차로 - 교차로안,승용,여,20세,상해없음,보행자,남,67세,중상
664,2021083100100614,2021년 8월 31일 21시,화요일,강원도 강릉시 강문동,경상사고,0,0,1,0,차대사람 - 기타,안전운전불이행,포장 - 젖음/습기,비,단일로 - 기타,이륜,남,23세,상해없음,보행자,여,24세,경상
665,2021083100100646,2021년 8월 31일 22시,화요일,강원도 춘천시 효자동,중상사고,0,1,0,0,차대사람 - 횡단중,안전운전불이행,포장 - 젖음/습기,비,단일로 - 기타,승용,여,57세,상해없음,보행자,남,43세,중상
666,2021090100100147,2021년 9월 1일 11시,수요일,강원도 춘천시 후평동,경상사고,0,0,1,0,차대사람 - 횡단중,보행자보호의무위반,포장 - 젖음/습기,비,교차로 - 교차로횡단보도내,승용,남,75세,기타불명,보행자,여,91세,경상
667,2021090200100102,2021년 9월 2일 09시,목요일,강원도 춘천시 온의동,중상사고,0,1,0,0,차대사람 - 기타,기타,포장 - 건조,맑음,단일로 - 기타,승합,남,55세,상해없음,보행자,여,78세,중상
668,2021090200100246,2021년 9월 2일 14시,목요일,강원도 춘천시 석사동,경상사고,0,0,1,0,차대사람 - 기타,안전운전불이행,포장 - 건조,맑음,단일로 - 기타,승용,남,34세,상해없음,보행자,남,57세,경상
669,2021090200100277,2021년 9월 2일 15시,목요일,강원도 원주시 흥업면,중상사고,0,1,0,0,차대사람 - 차도통행중,안전운전불이행,포장 - 건조,맑음,교차로 - 교차로횡단보도내,화물,남,47세,상해없음,보행자,여,86세,중상
670,2021090200100488,2021년 9월 2일 20시,목요일,강원도 원주시 태장동,경상사고,0,0,1,0,차대사람 - 길가장자리구역통행중,안전운전불이행,포장 - 건조,맑음,기타 - 기타,승용,여,64세,상해없음,보행자,남,44세,경상
671,2021090200100541,2021년 9월 2일 22시,목요일,강원도 춘천시 후평동,중상사고,0,1,0,0,차대사람 - 횡단중,보행자보호의무위반,포장 - 젖음/습기,비,교차로 - 교차로횡단보도내,승용,남,36세,상해없음,보행자,남,31세,중상
672,2021090200100557,2021년 9월 2일 23시,목요일,강원도 속초시 영랑동,경상사고,0,0,1,0,차대사람 - 차도통행중,안전운전불이행,포장 - 건조,맑음,교차로 - 교차로안,승용,남,77세,상해없음,보행자,여,27세,경상
673,2021090300100077,2021년 9월 3일 08시,금요일,강원도 춘천시 퇴계동,부상신고사고,0,0,0,1,차대사람 - 횡단중,신호위반,포장 - 건조,맑음,교차로 - 교차로횡단보도내,화물,남,64세,상해없음,보행자,남,8세,부상신고
674,2021090300100078,2021년 9월 3일 08시,금요일,강원도 춘천시 후평동,중상사고,0,2,0,0,차대사람 - 횡단중,신호위반,포장 - 건조,맑음,교차로 - 교차로부근,승용,남,59세,상해없음,보행자,여,8세,중상
675,2021090300100137,2021년 9월 3일 10시,금요일,강원도 속초시 중앙동,경상사고,0,0,1,0,차대사람 - 길가장자리구역통행중,안전운전불이행,포장 - 건조,맑음,단일로 - 기타,승용,남,62세,상해없음,보행자,남,43세,경상
676,2021090300100161,2021년 9월 3일 11시,금요일,강원도 홍천군 홍천읍,중상사고,0,1,0,0,차대사람 - 차도통행중,안전운전불이행,포장 - 건조,맑음,단일로 - 기타,승용,여,60세,상해없음,보행자,여,65세,중상
677,2021090300100420,2021년 9월 3일 18시,금요일,강원도 속초시 청학동,경상사고,0,0,1,0,차대사람 - 보도통행중,안전운전불이행,포장 - 건조,맑음,기타 - 기타,승합,남,62세,상해없음,보행자,남,56세,경상
678,2021090300100553,2021년 9월 3일 21시,금요일,강원도 원주시 일산동,경상사고,0,0,2,0,차대사람 - 보도통행중,기타,포장 - 건조,맑음,단일로 - 기타,이륜,남,53세,상해없음,보행자,남,59세,경상
679,2021090300100586,2021년 9월 3일 22시,금요일,강원도 원주시 단계동,경상사고,0,0,1,0,차대사람 - 기타,안전운전불이행,포장 - 건조,맑음,단일로 - 기타,승용,여,33세,상해없음,보행자,남,18세,경상
680,2021090400100254,2021년 9월 4일 14시,토요일,강원도 원주시 귀래면,부상신고사고,0,0,0,1,차대사람 - 기타,안전운전불이행,포장 - 건조,맑음,단일로 - 기타,승용,남,85세,상해없음,보행자,남,28세,부상신고
681,2021090400100347,2021년 9월 4일 17시,토요일,강원도 삼척시 정상동,경상사고,0,0,1,0,차대사람 - 횡단중,보행자보호의무위반,포장 - 건조,맑음,기타 - 기타,승용,남,51세,상해없음,보행자,여,18세,경상
682,2021090400100466,2021년 9월 4일 21시,토요일,강원도 양구군 양구읍,경상사고,0,0,1,0,차대사람 - 기타,안전운전불이행,포장 - 건조,맑음,단일로 - 기타,승용,남,48세,상해없음,보행자,여,22세,경상
683,2021090500100359,2021년 9월 5일 20시,일요일,강원도 춘천시 석사동,부상신고사고,0,0,0,1,차대사람 - 횡단중,보행자보호의무위반,포장 - 건조,맑음,교차로 - 교차로안,이륜,남,22세,상해없음,보행자,여,23세,부상신고
684,2021090600100459,2021년 9월 6일 18시,월요일,강원도 원주시 개운동,중상사고,0,1,0,0,차대사람 - 횡단중,보행자보호의무위반,포장 - 건조,맑음,교차로 - 교차로안,승용,여,40세,상해없음,보행자,남,80세,중상
685,2021090700100057,2021년 9월 7일 07시,화요일,강원도 춘천시 퇴계동,경상사고,0,0,1,0,차대사람 - 차도통행중,안전운전불이행,포장 - 건조,맑음,단일로 - 기타,화물,남,59세,상해없음,보행자,남,54세,경상
686,2021090700100164,2021년 9월 7일 10시,화요일,강원도 삼척시 성북동,중상사고,0,1,0,0,차대사람 - 횡단중,보행자보호의무위반,포장 - 젖음/습기,비,교차로 - 교차로부근,승용,남,72세,상해없음,보행자,여,77세,중상
687,2021090700100228,2021년 9월 7일 12시,화요일,강원도 태백시 황지동,경상사고,0,0,1,0,차대사람 - 길가장자리구역통행중,안전운전불이행,포장 - 건조,맑음,단일로 - 기타,승용,남,45세,상해없음,보행자,여,25세,경상
688,2021090700100502,2021년 9월 7일 20시,화요일,강원도 속초시 조양동,중상사고,0,1,0,0,차대사람 - 차도통행중,안전운전불이행,포장 - 젖음/습기,비,단일로 - 기타,이륜,남,25세,상해없음,보행자,여,62세,중상
689,2021090700100591,2021년 9월 7일 23시,화요일,강원도 원주시 단구동,중상사고,0,1,0,0,차대사람 - 보도통행중,보행자보호의무위반,포장 - 건조,맑음,교차로 - 교차로횡단보도내,승용,남,70세,상해없음,보행자,여,61세,중상
690,2021090800100613,2021년 9월 8일 21시,수요일,강원도 강릉시 포남동,경상사고,0,0,1,0,차대사람 - 기타,안전운전불이행,포장 - 건조,맑음,단일로 - 기타,승용,남,36세,상해없음,보행자,남,56세,경상
691,2021090900100125,2021년 9월 9일 09시,목요일,강원도 원주시 소초면,중상사고,0,1,0,0,차대사람 - 차도통행중,안전운전불이행,포장 - 건조,맑음,교차로 - 교차로안,승용,남,42세,상해없음,보행자,남,84세,중상
692,2021090900100338,2021년 9월 9일 15시,목요일,강원도 정선군 화암면,사망사고,1,0,0,0,차대사람 - 기타,안전운전불이행,포장 - 건조,맑음,단일로 - 기타,승용,남,76세,상해없음,보행자,여,73세,사망
693,2021091000100161,2021년 9월 10일 10시,금요일,강원도 양양군 양양읍,중상사고,0,1,0,0,차대사람 - 차도통행중,안전운전불이행,포장 - 건조,맑음,교차로 - 교차로안,화물,남,52세,상해없음,보행자,여,68세,중상
694,2021091000100278,2021년 9월 10일 14시,금요일,강원도 원주시 우산동,경상사고,0,0,1,0,차대사람 - 기타,안전운전불이행,포장 - 건조,맑음,기타 - 기타,승용,남,48세,상해없음,보행자,여,46세,경상
695,2021091000100560,2021년 9월 10일 20시,금요일,강원도 원주시 개운동,경상사고,0,0,1,0,차대사람 - 횡단중,안전운전불이행,포장 - 건조,맑음,교차로 - 교차로안,승용,남,48세,상해없음,보행자,여,63세,경상
696,2021091100100133,2021년 9월 11일 10시,토요일,강원도 원주시 태장동,경상사고,0,0,1,0,차대사람 - 기타,안전운전불이행,포장 - 건조,맑음,단일로 - 기타,승용,여,46세,상해없음,보행자,남,65세,경상
697,2021091100100388,2021년 9월 11일 15시,토요일,강원도 원주시 태장동,경상사고,0,0,1,0,차대사람 - 길가장자리구역통행중,안전운전불이행,포장 - 건조,맑음,단일로 - 기타,승용,여,59세,상해없음,보행자,여,24세,경상
698,2021091100100430,2021년 9월 11일 16시,토요일,강원도 속초시 중앙동,경상사고,0,0,1,0,차대사람 - 차도통행중,안전운전불이행,포장 - 건조,맑음,단일로 - 지하차도(도로)내,승합,남,57세,상해없음,보행자,남,79세,경상
699,2021091100100473,2021년 9월 11일 17시,토요일,강원도 춘천시 석사동,경상사고,0,0,1,0,차대사람 - 기타,보행자보호의무위반,포장 - 건조,맑음,교차로 - 교차로횡단보도내,승용,남,24세,상해없음,보행자,여,21세,경상
700,2021091100100557,2021년 9월 11일 19시,토요일,강원도 정선군 화암면,중상사고,0,1,0,0,차대사람 - 기타,안전운전불이행,포장 - 건조,맑음,단일로 - 교량,화물,남,51세,상해없음,보행자,남,58세,중상
701,2021091100100636,2021년 9월 11일 21시,토요일,강원도 영월군 영월읍,중상사고,0,1,0,0,차대사람 - 횡단중,보행자보호의무위반,포장 - 건조,맑음,교차로 - 교차로부근,승용,여,26세,상해없음,보행자,여,43세,중상
702,2021091200100057,2021년 9월 12일 09시,일요일,강원도 양구군 국토정중앙면,사망사고,1,0,0,0,차대사람 - 기타,안전운전불이행,포장 - 서리/결빙,맑음,단일로 - 기타,승용,남,56세,상해없음,보행자,남,85세,사망
703,2021091200100302,2021년 9월 12일 17시,일요일,강원도 원주시 태장동,경상사고,0,0,1,0,차대사람 - 횡단중,보행자보호의무위반,포장 - 건조,맑음,교차로 - 교차로횡단보도내,승용,남,65세,상해없음,보행자,여,87세,경상
704,2021091200100439,2021년 9월 12일 22시,일요일,강원도 속초시 교동,경상사고,0,0,1,0,차대사람 - 횡단중,보행자보호의무위반,포장 - 건조,맑음,교차로 - 교차로횡단보도내,승용,남,55세,상해없음,보행자,남,52세,경상
705,2021091300100083,2021년 9월 13일 08시,월요일,강원도 횡성군 횡성읍,중상사고,0,1,0,0,차대사람 - 기타,안전운전불이행,포장 - 건조,맑음,주차장 - 주차장,승용,남,75세,상해없음,보행자,여,83세,중상
706,2021091300100200,2021년 9월 13일 11시,월요일,강원도 홍천군 홍천읍,경상사고,0,0,1,0,차대사람 - 기타,안전운전불이행,포장 - 건조,맑음,단일로 - 기타,승용,남,64세,상해없음,보행자,여,82세,경상
707,2021091300100613,2021년 9월 13일 21시,월요일,강원도 강릉시 입암동,중상사고,0,1,0,0,차대사람 - 횡단중,안전운전불이행,포장 - 건조,맑음,단일로 - 기타,승용,남,35세,상해없음,보행자,남,68세,중상
708,2021091300100641,2021년 9월 13일 22시,월요일,강원도 속초시 조양동,중상사고,0,1,0,0,차대사람 - 횡단중,안전운전불이행,포장 - 젖음/습기,흐림,단일로 - 고가도로위,승용,남,67세,상해없음,보행자,남,65세,중상
709,2021091400100148,2021년 9월 14일 09시,화요일,강원도 원주시 개운동,경상사고,0,0,1,0,차대사람 - 기타,안전운전불이행,포장 - 건조,맑음,교차로 - 교차로부근,승용,남,65세,상해없음,보행자,남,19세,경상
710,2021091400100649,2021년 9월 14일 20시,화요일,강원도 원주시 명륜동,중상사고,0,1,0,0,차대사람 - 기타,안전운전불이행,포장 - 건조,맑음,교차로 - 교차로안,승용,남,49세,상해없음,보행자,남,58세,중상
711,2021091500100105,2021년 9월 15일 08시,수요일,강원도 정선군 고한읍,경상사고,0,0,1,0,차대사람 - 횡단중,안전운전불이행,포장 - 건조,맑음,단일로 - 기타,승용,여,41세,상해없음,보행자,여,11세,경상
712,2021091500100197,2021년 9월 15일 10시,수요일,강원도 강릉시 회산동,중상사고,0,1,0,0,차대사람 - 기타,안전운전불이행,포장 - 건조,맑음,교차로 - 교차로안,승합,남,72세,상해없음,보행자,여,82세,중상
713,2021091500100354,2021년 9월 15일 14시,수요일,강원도 춘천시 근화동,경상사고,0,0,1,0,차대사람 - 기타,안전운전불이행,포장 - 건조,맑음,단일로 - 기타,승용,남,71세,상해없음,보행자,남,27세,경상
714,2021091500100356,2021년 9월 15일 14시,수요일,강원도 강릉시 교동,경상사고,0,0,1,0,차대사람 - 기타,신호위반,포장 - 건조,맑음,교차로 - 교차로안,승합,남,50세,상해없음,보행자,여,10세,경상
715,2021091500100358,2021년 9월 15일 14시,수요일,강원도 동해시 천곡동,경상사고,0,0,1,0,차대사람 - 기타,안전운전불이행,포장 - 건조,맑음,기타 - 기타,승용,여,40세,상해없음,보행자,남,64세,경상
716,2021091500100405,2021년 9월 15일 15시,수요일,강원도 동해시 천곡동,경상사고,0,0,1,0,차대사람 - 보도통행중,기타,포장 - 건조,맑음,기타 - 기타,승용,남,32세,상해없음,보행자,여,78세,경상
717,2021091500100627,2021년 9월 15일 19시,수요일,강원도 강릉시 교동,경상사고,0,0,1,0,차대사람 - 횡단중,보행자보호의무위반,포장 - 건조,맑음,교차로 - 교차로횡단보도내,승용,남,30세,상해없음,보행자,여,21세,경상
718,2021091600100138,2021년 9월 16일 09시,목요일,강원도 횡성군 횡성읍,중상사고,0,1,0,0,차대사람 - 횡단중,안전운전불이행,포장 - 건조,맑음,교차로 - 교차로안,화물,여,63세,상해없음,보행자,남,74세,중상
719,2021091600100423,2021년 9월 16일 16시,목요일,강원도 정선군 정선읍,경상사고,0,0,1,0,차대사람 - 횡단중,안전운전불이행,포장 - 건조,맑음,단일로 - 기타,승용,남,23세,상해없음,보행자,남,53세,경상
720,2021091600100510,2021년 9월 16일 18시,목요일,강원도 원주시 단구동,경상사고,0,0,1,0,차대사람 - 기타,안전운전불이행,포장 - 건조,맑음,교차로 - 교차로부근,승용,남,32세,상해없음,보행자,남,65세,경상
721,2021091700100086,2021년 9월 17일 08시,금요일,강원도 춘천시 우두동,경상사고,0,0,1,0,차대사람 - 횡단중,보행자보호의무위반,포장 - 건조,맑음,교차로 - 교차로횡단보도내,승용,남,47세,상해없음,보행자,남,8세,경상
722,2021091700100088,2021년 9월 17일 08시,금요일,강원도 양구군 양구읍,부상신고사고,0,0,0,1,차대사람 - 횡단중,안전운전불이행,포장 - 건조,맑음,교차로 - 교차로부근,화물,남,64세,상해없음,보행자,여,79세,부상신고
723,2021091700100140,2021년 9월 17일 09시,금요일,강원도 원주시 호저면,중상사고,0,1,0,0,차대사람 - 기타,안전운전불이행,포장 - 건조,맑음,단일로 - 기타,승용,여,42세,상해없음,보행자,남,81세,중상
724,2021091700100276,2021년 9월 17일 12시,금요일,강원도 춘천시 후평동,부상신고사고,0,0,0,1,차대사람 - 기타,안전운전불이행,포장 - 건조,맑음,교차로 - 교차로안,승용,여,64세,상해없음,보행자,남,72세,부상신고
725,2021091700100429,2021년 9월 17일 15시,금요일,강원도 정선군 사북읍,중상사고,0,1,0,0,차대사람 - 보도통행중,안전운전불이행,포장 - 젖음/습기,비,단일로 - 기타,화물,남,82세,상해없음,보행자,여,73세,중상
726,2021091700100486,2021년 9월 17일 16시,금요일,강원도 춘천시 신동면,경상사고,0,0,1,0,차대사람 - 기타,안전운전불이행,포장 - 건조,맑음,단일로 - 기타,자전거,남,53세,상해없음,보행자,여,56세,경상
727,2021091700100488,2021년 9월 17일 16시,금요일,강원도 원주시 관설동,경상사고,0,0,1,0,차대사람 - 차도통행중,안전운전불이행,포장 - 건조,맑음,단일로 - 기타,승용,여,46세,상해없음,보행자,여,11세,경상
728,2021091700100665,2021년 9월 17일 19시,금요일,강원도 원주시 무실동,중상사고,0,1,0,0,차대사람 - 횡단중,보행자보호의무위반,포장 - 건조,맑음,단일로 - 기타,화물,여,54세,기타불명,보행자,여,61세,중상
729,2021091700100787,2021년 9월 17일 22시,금요일,강원도 원주시 일산동,중상사고,0,1,0,0,차대사람 - 횡단중,과속,포장 - 건조,맑음,단일로 - 기타,승용,남,58세,상해없음,보행자,남,63세,중상
730,2021091800100145,2021년 9월 18일 10시,토요일,강원도 화천군 화천읍,경상사고,0,0,1,0,차대사람 - 횡단중,안전운전불이행,포장 - 건조,맑음,단일로 - 기타,화물,남,54세,상해없음,보행자,여,78세,경상
731,2021091800100382,2021년 9월 18일 15시,토요일,강원도 철원군 동송읍,경상사고,0,0,1,0,차대사람 - 기타,안전운전불이행,포장 - 건조,맑음,기타 - 기타,승용,여,56세,기타불명,보행자,여,56세,경상
732,2021091800100473,2021년 9월 18일 17시,토요일,강원도 원주시 부론면,사망사고,1,0,0,0,차대사람 - 차도통행중,안전운전불이행,포장 - 건조,맑음,단일로 - 교량,화물,남,41세,상해없음,보행자,여,90세,사망
733,2021091800100562,2021년 9월 18일 19시,토요일,강원도 춘천시 석사동,중상사고,0,1,0,0,차대사람 - 기타,안전운전불이행,포장 - 건조,맑음,단일로 - 기타,자전거,여,54세,상해없음,보행자,여,52세,중상
734,2021091800100595,2021년 9월 18일 20시,토요일,강원도 속초시 금호동,경상사고,0,0,1,0,차대사람 - 차도통행중,안전운전불이행,포장 - 건조,맑음,교차로 - 교차로부근,자전거,남,53세,상해없음,보행자,남,53세,경상
735,2021091900100009,2021년 9월 19일 01시,일요일,강원도 원주시 단계동,경상사고,0,0,1,0,차대사람 - 기타,안전운전불이행,포장 - 건조,맑음,교차로 - 교차로안,화물,남,60세,상해없음,보행자,남,29세,경상